order_id,customer_id,order_date,product_category,order_value,payment_method,delivered
1,76,2023-01-01 00:00:00,Home,103.87,Wallet,1
2,108,2023-01-02 00:00:00,Home,139.61,Cash,1
3,156,2023-01-03 00:00:00,Books,81.76,Cash,1
4,82,2023-01-04 00:00:00,Electronics,95.05,Cash,1
5,77,2023-01-05 00:00:00,Clothing,39.99,Credit Card,1
6,258,2023-01-06 00:00:00,Electronics,87.4,Wallet,1
7,127,2023-01-07 00:00:00,Books,18.08,Wallet,1
8,282,2023-01-08 00:00:00,Books,25.41,Cash,1
9,88,2023-01-09 00:00:00,Clothing,19.06,UPI,1
10,204,2023-01-10 00:00:00,Beauty,31.5,Credit Card,1
11,16,2023-01-11 00:00:00,Beauty,16.81,UPI,1
12,151,2023-01-12 00:00:00,Clothing,163,Debit Card,1
13,254,2023-01-13 00:00:00,Beauty,18.76,Wallet,1
14,188,2023-01-14 00:00:00,Home,5.16,Wallet,1
15,32,2023-01-15 00:00:00,Beauty,37.41,UPI,1
16,271,2023-01-16 00:00:00,Beauty,2.94,Credit Card,1
17,5,2023-01-17 00:00:00,Beauty,5.86,Wallet,0
18,169,2023-01-18 00:00:00,Home,12.38,UPI,1
19,181,2023-01-19 00:00:00,Beauty,31.21,Credit Card,1
20,178,2023-01-20 00:00:00,Home,28.39,UPI,1
21,143,2023-01-21 00:00:00,Clothing,80.39,Credit Card,1
22,248,2023-01-22 00:00:00,Electronics,67.25,Cash,1
23,127,2023-01-23 00:00:00,Clothing,27.78,Credit Card,1
24,263,2023-01-24 00:00:00,Electronics,20.3,Debit Card,1
25,40,2023-01-25 00:00:00,Clothing,19.02,Cash,1
26,255,2023-01-26 00:00:00,Electronics,74.36,UPI,1
27,143,2023-01-27 00:00:00,Electronics,2.67,Cash,1
28,240,2023-01-28 00:00:00,Books,0.65,Cash,1
29,228,2023-01-29 00:00:00,Electronics,79.37,UPI,1
30,198,2023-01-30 00:00:00,Electronics,32.42,UPI,1
31,65,2023-01-31 00:00:00,Books,7.01,Debit Card,1
32,11,2023-02-01 00:00:00,Beauty,13.43,UPI,1
33,108,2023-02-02 00:00:00,Beauty,134.78,Wallet,1
34,26,2023-02-03 00:00:00,Books,98.13,Wallet,1
35,151,2023-02-04 00:00:00,Home,61.86,Debit Card,1
36,221,2023-02-05 00:00:00,Electronics,32.91,Credit Card,1
37,237,2023-02-06 00:00:00,Electronics,36.73,Credit Card,1
38,237,2023-02-07 00:00:00,Books,184.94,Wallet,1
39,219,2023-02-08 00:00:00,Books,168.73,UPI,1
40,151,2023-02-09 00:00:00,Home,12.12,Debit Card,1
41,123,2023-02-10 00:00:00,Beauty,83.33,Credit Card,1
42,144,2023-02-11 00:00:00,Clothing,10.99,Credit Card,1
43,189,2023-02-12 00:00:00,Beauty,12.01,Cash,1
44,255,2023-02-13 00:00:00,Electronics,56.36,Wallet,0
45,68,2023-02-14 00:00:00,Books,25.96,UPI,1
46,104,2023-02-15 00:00:00,Home,134.08,Debit Card,1
47,159,2023-02-16 00:00:00,Beauty,4.66,Credit Card,1
48,90,2023-02-17 00:00:00,Home,35.82,Cash,1
49,256,2023-02-18 00:00:00,Beauty,125.37,Wallet,1
50,220,2023-02-19 00:00:00,Electronics,117.23,Wallet,0
51,9,2023-02-20 00:00:00,Clothing,8.51,Debit Card,1
52,12,2023-02-21 00:00:00,Home,22.84,Credit Card,1
53,244,2023-02-22 00:00:00,Home,48.26,Debit Card,1
54,182,2023-02-23 00:00:00,Clothing,8.68,Debit Card,1
55,284,2023-02-24 00:00:00,Home,172.14,Cash,1
56,99,2023-02-25 00:00:00,Home,123.11,Wallet,1
57,197,2023-02-26 00:00:00,Beauty,9.13,UPI,1
58,226,2023-02-27 00:00:00,Beauty,6.46,Wallet,0
59,103,2023-02-28 00:00:00,Clothing,4.46,Wallet,1
60,106,2023-03-01 00:00:00,Electronics,120.09,Cash,1
61,58,2023-03-02 00:00:00,Home,10.76,UPI,1
62,78,2023-03-03 00:00:00,Electronics,26.92,Credit Card,1
63,75,2023-03-04 00:00:00,Clothing,29.79,UPI,1
64,42,2023-03-05 00:00:00,Clothing,45.69,Credit Card,1
65,181,2023-03-06 00:00:00,Beauty,3.72,UPI,1
66,33,2023-03-07 00:00:00,Home,12.86,Debit Card,1
67,71,2023-03-08 00:00:00,Books,134.04,UPI,1
68,56,2023-03-09 00:00:00,Clothing,119.52,Cash,1
69,105,2023-03-10 00:00:00,Home,76,Credit Card,1
70,200,2023-03-11 00:00:00,Electronics,0.98,Wallet,1
71,101,2023-03-12 00:00:00,Beauty,19.8,Cash,1
72,256,2023-03-13 00:00:00,Electronics,49.44,Credit Card,1
73,74,2023-03-14 00:00:00,Clothing,16.09,Credit Card,1
74,171,2023-03-15 00:00:00,Clothing,120.17,Wallet,1
75,143,2023-03-16 00:00:00,Electronics,50.24,Debit Card,1
76,166,2023-03-17 00:00:00,Clothing,3.73,Cash,1
77,261,2023-03-18 00:00:00,Home,119.85,Wallet,1
78,221,2023-03-19 00:00:00,Clothing,158.23,Wallet,1
79,83,2023-03-20 00:00:00,Beauty,4.04,Debit Card,1
80,182,2023-03-21 00:00:00,Home,38,Cash,1
81,10,2023-03-22 00:00:00,Books,18.07,Wallet,1
82,4,2023-03-23 00:00:00,Clothing,24.95,Debit Card,1
83,292,2023-03-24 00:00:00,Clothing,9.9,Cash,1
84,281,2023-03-25 00:00:00,Beauty,43.15,UPI,1
85,215,2023-03-26 00:00:00,Beauty,158.48,Credit Card,1
86,98,2023-03-27 00:00:00,Electronics,34.97,Debit Card,1
87,101,2023-03-28 00:00:00,Electronics,4.33,Credit Card,1
88,9,2023-03-29 00:00:00,Electronics,48.38,UPI,0
89,61,2023-03-30 00:00:00,Beauty,20.79,Wallet,1
90,146,2023-03-31 00:00:00,Electronics,96.87,Wallet,1
91,63,2023-04-01 00:00:00,Electronics,28.52,Cash,1
92,121,2023-04-02 00:00:00,Books,10.71,Debit Card,1
93,226,2023-04-03 00:00:00,Electronics,10.6,Debit Card,1
94,105,2023-04-04 00:00:00,Clothing,73.22,Cash,1
95,260,2023-04-05 00:00:00,Beauty,15.43,Credit Card,1
96,255,2023-04-06 00:00:00,Home,72.89,Wallet,1
97,207,2023-04-07 00:00:00,Books,11.53,Wallet,1
98,28,2023-04-08 00:00:00,Beauty,19.41,Debit Card,1
99,170,2023-04-09 00:00:00,Beauty,31.32,Debit Card,1
100,76,2023-04-10 00:00:00,Clothing,143.41,Cash,1
101,116,2023-04-11 00:00:00,Electronics,134.22,UPI,1
102,69,2023-04-12 00:00:00,Clothing,11.59,Credit Card,1
103,234,2023-04-13 00:00:00,Electronics,22.18,UPI,1
104,1,2023-04-14 00:00:00,Electronics,8.09,UPI,1
105,167,2023-04-15 00:00:00,Beauty,35.67,Debit Card,1
106,218,2023-04-16 00:00:00,Electronics,30.86,Debit Card,0
107,273,2023-04-17 00:00:00,Books,115.51,Debit Card,1
108,251,2023-04-18 00:00:00,Books,132.97,UPI,1
109,174,2023-04-19 00:00:00,Books,24.19,Credit Card,1
110,170,2023-04-20 00:00:00,Beauty,33.84,Debit Card,1
111,246,2023-04-21 00:00:00,Clothing,113.28,Wallet,1
112,90,2023-04-22 00:00:00,Home,82.18,Credit Card,1
113,49,2023-04-23 00:00:00,Electronics,0.18,Wallet,1
114,294,2023-04-24 00:00:00,Home,19.29,Credit Card,1
115,150,2023-04-25 00:00:00,Clothing,27.39,Debit Card,1
116,132,2023-04-26 00:00:00,Clothing,13.05,Cash,1
117,59,2023-04-27 00:00:00,Beauty,11.13,Debit Card,1
118,199,2023-04-28 00:00:00,Books,1.93,UPI,1
119,215,2023-04-29 00:00:00,Books,51.55,UPI,0
120,49,2023-04-30 00:00:00,Clothing,15.23,Credit Card,1
121,232,2023-05-01 00:00:00,Beauty,2.69,UPI,1
122,247,2023-05-02 00:00:00,Beauty,13.13,Debit Card,1
123,239,2023-05-03 00:00:00,Electronics,80.95,Wallet,1
124,168,2023-05-04 00:00:00,Books,95.35,Debit Card,1
125,48,2023-05-05 00:00:00,Clothing,32.99,Credit Card,1
126,51,2023-05-06 00:00:00,Home,26.9,UPI,1
127,299,2023-05-07 00:00:00,Books,190.5,Wallet,1
128,98,2023-05-08 00:00:00,Electronics,11.19,Cash,1
129,216,2023-05-09 00:00:00,Beauty,12.13,Wallet,1
130,177,2023-05-10 00:00:00,Clothing,17.26,Wallet,1
131,80,2023-05-11 00:00:00,Books,9.48,Debit Card,1
132,185,2023-05-12 00:00:00,Home,23.85,Cash,1
133,27,2023-05-13 00:00:00,Electronics,120.86,Credit Card,1
134,195,2023-05-14 00:00:00,Electronics,47.77,Credit Card,1
135,214,2023-05-15 00:00:00,Books,26.55,Wallet,1
136,114,2023-05-16 00:00:00,Home,136.22,Wallet,1
137,242,2023-05-17 00:00:00,Electronics,2.48,UPI,1
138,124,2023-05-18 00:00:00,Clothing,11.8,Cash,1
139,76,2023-05-19 00:00:00,Electronics,41.72,Wallet,1
140,196,2023-05-20 00:00:00,Home,47.8,UPI,1
141,44,2023-05-21 00:00:00,Beauty,2.02,Cash,1
142,186,2023-05-22 00:00:00,Beauty,25.8,Credit Card,1
143,246,2023-05-23 00:00:00,Books,52.37,UPI,1
144,84,2023-05-24 00:00:00,Home,59.88,Cash,1
145,207,2023-05-25 00:00:00,Electronics,50.82,UPI,1
146,151,2023-05-26 00:00:00,Electronics,19.32,Wallet,1
147,156,2023-05-27 00:00:00,Beauty,4.91,Debit Card,1
148,16,2023-05-28 00:00:00,Beauty,27.85,Credit Card,1
149,165,2023-05-29 00:00:00,Clothing,6.89,Wallet,1
150,145,2023-05-30 00:00:00,Beauty,147.47,Wallet,1
151,37,2023-05-31 00:00:00,Clothing,32.23,Cash,1
152,45,2023-06-01 00:00:00,Electronics,19.08,UPI,1
153,206,2023-06-02 00:00:00,Clothing,72.69,Credit Card,1
154,62,2023-06-03 00:00:00,Clothing,34.45,Wallet,1
155,19,2023-06-04 00:00:00,Books,18.56,Cash,1
156,7,2023-06-05 00:00:00,Beauty,83.56,Credit Card,1
157,249,2023-06-06 00:00:00,Clothing,100.93,UPI,1
158,117,2023-06-07 00:00:00,Electronics,55.89,Wallet,1
159,68,2023-06-08 00:00:00,Home,2.41,Wallet,1
160,34,2023-06-09 00:00:00,Clothing,41.77,Wallet,1
161,194,2023-06-10 00:00:00,Beauty,72.05,Credit Card,1
162,55,2023-06-11 00:00:00,Books,7.34,Credit Card,1
163,266,2023-06-12 00:00:00,Electronics,12.98,Credit Card,1
164,42,2023-06-13 00:00:00,Books,107.06,Credit Card,1
165,297,2023-06-14 00:00:00,Home,1.02,Cash,1
166,231,2023-06-15 00:00:00,Clothing,69.86,Debit Card,1
167,10,2023-06-16 00:00:00,Clothing,32.1,Cash,1
168,128,2023-06-17 00:00:00,Beauty,29.6,Wallet,1
169,179,2023-06-18 00:00:00,Clothing,0.36,Cash,1
170,193,2023-06-19 00:00:00,Electronics,85.57,UPI,1
171,92,2023-06-20 00:00:00,Home,22.3,Credit Card,1
172,231,2023-06-21 00:00:00,Books,38.91,UPI,1
173,78,2023-06-22 00:00:00,Home,56.55,UPI,1
174,85,2023-06-23 00:00:00,Clothing,60.64,Wallet,1
175,30,2023-06-24 00:00:00,Books,156.16,Credit Card,1
176,213,2023-06-25 00:00:00,Beauty,37.89,UPI,1
177,49,2023-06-26 00:00:00,Home,25.52,Wallet,1
178,265,2023-06-27 00:00:00,Books,153.63,Credit Card,1
179,145,2023-06-28 00:00:00,Books,51.38,Debit Card,1
180,69,2023-06-29 00:00:00,Books,17.7,Wallet,1
181,58,2023-06-30 00:00:00,Electronics,6.76,Cash,1
182,185,2023-07-01 00:00:00,Home,92.43,Credit Card,1
183,62,2023-07-02 00:00:00,Books,22.49,UPI,1
184,296,2023-07-03 00:00:00,Home,54.01,UPI,1
185,166,2023-07-04 00:00:00,Books,31.82,Cash,1
186,171,2023-07-05 00:00:00,Beauty,11.09,Cash,0
187,63,2023-07-06 00:00:00,Beauty,46.03,UPI,1
188,147,2023-07-07 00:00:00,Beauty,3.13,Credit Card,1
189,161,2023-07-08 00:00:00,Clothing,26.67,Wallet,1
190,141,2023-07-09 00:00:00,Books,39.55,Cash,1
191,97,2023-07-10 00:00:00,Clothing,28.64,Cash,1
192,221,2023-07-11 00:00:00,Home,69.05,Cash,1
193,43,2023-07-12 00:00:00,Clothing,87.99,Debit Card,1
194,292,2023-07-13 00:00:00,Home,73.75,Credit Card,1
195,108,2023-07-14 00:00:00,Home,1.98,Credit Card,1
196,266,2023-07-15 00:00:00,Home,10.79,Credit Card,1
197,95,2023-07-16 00:00:00,Clothing,38.46,Credit Card,1
198,262,2023-07-17 00:00:00,Books,136.53,Credit Card,1
199,71,2023-07-18 00:00:00,Clothing,90.08,UPI,1
200,219,2023-07-19 00:00:00,Books,92.43,Cash,1
201,21,2023-07-20 00:00:00,Books,18.06,UPI,1
202,92,2023-07-21 00:00:00,Home,28.06,Debit Card,1
203,127,2023-07-22 00:00:00,Clothing,31.81,Wallet,1
204,80,2023-07-23 00:00:00,Books,8.56,Cash,1
205,238,2023-07-24 00:00:00,Beauty,1.58,Debit Card,1
206,182,2023-07-25 00:00:00,Books,146.78,UPI,1
207,25,2023-07-26 00:00:00,Beauty,13.77,Wallet,1
208,156,2023-07-27 00:00:00,Clothing,13.72,Debit Card,1
209,5,2023-07-28 00:00:00,Clothing,4.35,Wallet,1
210,120,2023-07-29 00:00:00,Clothing,131.91,Debit Card,1
211,277,2023-07-30 00:00:00,Books,43.34,UPI,1
212,18,2023-07-31 00:00:00,Electronics,54.99,Wallet,1
213,198,2023-08-01 00:00:00,Books,121.28,Debit Card,1
214,57,2023-08-02 00:00:00,Books,21.2,UPI,1
215,93,2023-08-03 00:00:00,Home,48.58,Cash,1
216,19,2023-08-04 00:00:00,Home,1.98,UPI,1
217,193,2023-08-05 00:00:00,Books,10.34,UPI,1
218,237,2023-08-06 00:00:00,Beauty,88.97,Cash,1
219,277,2023-08-07 00:00:00,Home,72.79,UPI,1
220,227,2023-08-08 00:00:00,Books,21.59,Cash,1
221,233,2023-08-09 00:00:00,Electronics,23.65,Cash,1
222,40,2023-08-10 00:00:00,Beauty,38.13,Cash,1
223,153,2023-08-11 00:00:00,Clothing,0.01,Debit Card,1
224,127,2023-08-12 00:00:00,Books,13.8,Wallet,1
225,237,2023-08-13 00:00:00,Books,11.67,Debit Card,1
226,55,2023-08-14 00:00:00,Beauty,14.42,Cash,1
227,172,2023-08-15 00:00:00,Home,81.97,Wallet,1
228,109,2023-08-16 00:00:00,Home,16.4,Wallet,1
229,184,2023-08-17 00:00:00,Home,10.63,Cash,1
230,198,2023-08-18 00:00:00,Clothing,35.09,Wallet,1
231,87,2023-08-19 00:00:00,Beauty,100.36,Wallet,1
232,201,2023-08-20 00:00:00,Beauty,13.81,Debit Card,1
233,275,2023-08-21 00:00:00,Home,4.09,Wallet,1
234,211,2023-08-22 00:00:00,Home,22.03,Cash,0
235,118,2023-08-23 00:00:00,Electronics,68.85,Credit Card,1
236,191,2023-08-24 00:00:00,Electronics,40,Credit Card,1
237,42,2023-08-25 00:00:00,Books,84.86,Credit Card,1
238,42,2023-08-26 00:00:00,Books,160.44,Cash,1
239,276,2023-08-27 00:00:00,Beauty,78.67,Credit Card,1
240,17,2023-08-28 00:00:00,Beauty,46.29,Debit Card,1
241,283,2023-08-29 00:00:00,Clothing,34,Cash,1
242,258,2023-08-30 00:00:00,Clothing,2.04,Cash,1
243,63,2023-08-31 00:00:00,Electronics,207.77,Cash,1
244,62,2023-09-01 00:00:00,Books,24.18,Wallet,1
245,100,2023-09-02 00:00:00,Electronics,8.26,Wallet,1
246,19,2023-09-03 00:00:00,Electronics,54.94,Wallet,1
247,17,2023-09-04 00:00:00,Books,16.72,UPI,1
248,246,2023-09-05 00:00:00,Clothing,44.07,Debit Card,1
249,251,2023-09-06 00:00:00,Books,44.19,Cash,1
250,81,2023-09-07 00:00:00,Home,29.51,Cash,1
251,39,2023-09-08 00:00:00,Home,90.43,Wallet,1
252,36,2023-09-09 00:00:00,Home,15.39,Cash,1
253,197,2023-09-10 00:00:00,Beauty,29.77,Cash,1
254,158,2023-09-11 00:00:00,Clothing,38.58,Credit Card,1
255,204,2023-09-12 00:00:00,Clothing,54.48,Cash,1
256,196,2023-09-13 00:00:00,Beauty,76.62,UPI,1
257,216,2023-09-14 00:00:00,Electronics,25.11,Wallet,1
258,285,2023-09-15 00:00:00,Home,51.93,Debit Card,1
259,196,2023-09-16 00:00:00,Home,8.16,Debit Card,1
260,152,2023-09-17 00:00:00,Electronics,134.89,Credit Card,1
261,14,2023-09-18 00:00:00,Books,24.15,Debit Card,0
262,146,2023-09-19 00:00:00,Books,65.38,Debit Card,1
263,57,2023-09-20 00:00:00,Clothing,1.03,Wallet,1
264,211,2023-09-21 00:00:00,Beauty,11.48,Wallet,1
265,268,2023-09-22 00:00:00,Clothing,33.38,UPI,0
266,210,2023-09-23 00:00:00,Books,105.29,Credit Card,1
267,17,2023-09-24 00:00:00,Electronics,37.46,Debit Card,1
268,286,2023-09-25 00:00:00,Clothing,132.87,UPI,1
269,203,2023-09-26 00:00:00,Home,33.06,Credit Card,1
270,99,2023-09-27 00:00:00,Home,33.71,Debit Card,0
271,279,2023-09-28 00:00:00,Electronics,6.38,Debit Card,1
272,209,2023-09-29 00:00:00,Books,81.14,Wallet,1
273,129,2023-09-30 00:00:00,Home,14.18,Cash,1
274,288,2023-10-01 00:00:00,Home,114.94,Credit Card,1
275,252,2023-10-02 00:00:00,Beauty,120.86,Debit Card,0
276,265,2023-10-03 00:00:00,Clothing,143.51,Credit Card,1
277,271,2023-10-04 00:00:00,Books,36.72,UPI,1
278,188,2023-10-05 00:00:00,Clothing,56.52,UPI,0
279,214,2023-10-06 00:00:00,Books,75.37,Cash,1
280,283,2023-10-07 00:00:00,Home,7.02,Debit Card,1
281,211,2023-10-08 00:00:00,Beauty,45.93,Wallet,1
282,76,2023-10-09 00:00:00,Clothing,1.74,Debit Card,1
283,148,2023-10-10 00:00:00,Home,34.41,Credit Card,1
284,213,2023-10-11 00:00:00,Books,8.41,UPI,1
285,109,2023-10-12 00:00:00,Clothing,10.1,Credit Card,1
286,129,2023-10-13 00:00:00,Clothing,22.71,Cash,1
287,10,2023-10-14 00:00:00,Home,28.32,UPI,1
288,47,2023-10-15 00:00:00,Clothing,48.8,Wallet,1
289,96,2023-10-16 00:00:00,Beauty,3.87,UPI,1
290,103,2023-10-17 00:00:00,Beauty,35.03,Debit Card,0
291,146,2023-10-18 00:00:00,Home,10.08,Debit Card,1
292,27,2023-10-19 00:00:00,Books,42.66,UPI,1
293,220,2023-10-20 00:00:00,Home,50.72,Cash,1
294,18,2023-10-21 00:00:00,Beauty,40.68,Debit Card,1
295,167,2023-10-22 00:00:00,Electronics,67.03,Debit Card,1
296,82,2023-10-23 00:00:00,Electronics,20.44,Wallet,1
297,72,2023-10-24 00:00:00,Clothing,72.43,UPI,1
298,254,2023-10-25 00:00:00,Clothing,28.35,Debit Card,1
299,162,2023-10-26 00:00:00,Electronics,33.1,Cash,0
300,38,2023-10-27 00:00:00,Beauty,52.22,Credit Card,1
301,201,2023-10-28 00:00:00,Clothing,0.93,UPI,1
302,200,2023-10-29 00:00:00,Home,53.06,Wallet,1
303,255,2023-10-30 00:00:00,Home,48.19,Debit Card,1
304,179,2023-10-31 00:00:00,Beauty,18.54,Cash,1
305,35,2023-11-01 00:00:00,Clothing,4.48,UPI,1
306,82,2023-11-02 00:00:00,Home,4.77,Cash,1
307,220,2023-11-03 00:00:00,Clothing,128.34,Cash,1
308,158,2023-11-04 00:00:00,Clothing,58.44,Wallet,0
309,4,2023-11-05 00:00:00,Home,6.8,UPI,1
310,167,2023-11-06 00:00:00,Electronics,22.06,Debit Card,1
311,204,2023-11-07 00:00:00,Home,44.88,Wallet,1
312,194,2023-11-08 00:00:00,Beauty,90.26,Debit Card,1
313,235,2023-11-09 00:00:00,Books,2.23,Credit Card,1
314,206,2023-11-10 00:00:00,Home,13.5,Cash,1
315,150,2023-11-11 00:00:00,Clothing,110.25,Credit Card,1
316,159,2023-11-12 00:00:00,Clothing,0.46,Cash,1
317,279,2023-11-13 00:00:00,Home,11.24,Wallet,1
318,166,2023-11-14 00:00:00,Books,159.74,Debit Card,1
319,68,2023-11-15 00:00:00,Home,47.52,Debit Card,1
320,88,2023-11-16 00:00:00,Books,15.17,Wallet,0
321,217,2023-11-17 00:00:00,Books,3.47,UPI,1
322,1,2023-11-18 00:00:00,Beauty,1.43,Credit Card,1
323,135,2023-11-19 00:00:00,Clothing,14.03,Credit Card,1
324,185,2023-11-20 00:00:00,Clothing,106.64,Debit Card,1
325,140,2023-11-21 00:00:00,Books,26.89,Debit Card,1
326,106,2023-11-22 00:00:00,Clothing,63.71,Debit Card,1
327,133,2023-11-23 00:00:00,Electronics,125.23,Wallet,1
328,108,2023-11-24 00:00:00,Books,26.22,UPI,1
329,178,2023-11-25 00:00:00,Clothing,10.61,Credit Card,1
330,298,2023-11-26 00:00:00,Electronics,36.4,Cash,1
331,146,2023-11-27 00:00:00,Beauty,119.34,Wallet,1
332,74,2023-11-28 00:00:00,Clothing,81.58,Credit Card,1
333,108,2023-11-29 00:00:00,Electronics,3.4,UPI,1
334,122,2023-11-30 00:00:00,Home,58.98,Wallet,1
335,17,2023-12-01 00:00:00,Home,42.42,Credit Card,1
336,196,2023-12-02 00:00:00,Electronics,119.01,Wallet,1
337,297,2023-12-03 00:00:00,Books,6.53,Credit Card,1
338,252,2023-12-04 00:00:00,Books,38.18,Credit Card,1
339,119,2023-12-05 00:00:00,Clothing,105.79,UPI,1
340,162,2023-12-06 00:00:00,Home,26.38,Cash,1
341,198,2023-12-07 00:00:00,Books,32.89,UPI,1
342,45,2023-12-08 00:00:00,Books,3.65,Credit Card,1
343,179,2023-12-09 00:00:00,Home,16.3,Wallet,1
344,44,2023-12-10 00:00:00,Beauty,19.62,UPI,1
345,271,2023-12-11 00:00:00,Books,145.13,Cash,1
346,78,2023-12-12 00:00:00,Electronics,16.61,Credit Card,1
347,178,2023-12-13 00:00:00,Clothing,30.89,UPI,0
348,3,2023-12-14 00:00:00,Books,55.63,UPI,1
349,214,2023-12-15 00:00:00,Books,8.85,UPI,1
350,74,2023-12-16 00:00:00,Beauty,33.32,UPI,1
351,51,2023-12-17 00:00:00,Electronics,67.07,Wallet,1
352,67,2023-12-18 00:00:00,Clothing,100.82,Cash,1
353,93,2023-12-19 00:00:00,Books,49.21,Cash,1
354,176,2023-12-20 00:00:00,Clothing,55.29,Credit Card,1
355,145,2023-12-21 00:00:00,Home,6.75,Debit Card,1
356,7,2023-12-22 00:00:00,Books,145.73,Wallet,1
357,269,2023-12-23 00:00:00,Books,7.11,Credit Card,1
358,4,2023-12-24 00:00:00,Home,74.51,Credit Card,1
359,138,2023-12-25 00:00:00,Beauty,15.38,UPI,1
360,231,2023-12-26 00:00:00,Books,135.6,Debit Card,1
361,88,2023-12-27 00:00:00,Clothing,63.64,Debit Card,1
362,17,2023-12-28 00:00:00,Electronics,70.08,Wallet,1
363,52,2023-12-29 00:00:00,Clothing,12.36,Debit Card,1
364,134,2023-12-30 00:00:00,Beauty,29.26,Credit Card,1
365,211,2023-12-31 00:00:00,Electronics,48.09,Debit Card,1
366,219,2024-01-01 00:00:00,Clothing,73.48,Debit Card,1
367,205,2024-01-02 00:00:00,Clothing,5.49,Cash,1
368,211,2024-01-03 00:00:00,Home,163.99,Credit Card,1
369,277,2024-01-04 00:00:00,Beauty,110.46,Debit Card,1
370,24,2024-01-05 00:00:00,Home,15.76,Debit Card,1
371,4,2024-01-06 00:00:00,Electronics,86.51,UPI,1
372,152,2024-01-07 00:00:00,Home,36.52,Debit Card,1
373,259,2024-01-08 00:00:00,Beauty,30.98,Debit Card,1
374,168,2024-01-09 00:00:00,Books,18.88,Cash,1
375,176,2024-01-10 00:00:00,Books,43.49,Credit Card,1
376,291,2024-01-11 00:00:00,Electronics,65.45,Wallet,1
377,56,2024-01-12 00:00:00,Books,26.46,Credit Card,1
378,108,2024-01-13 00:00:00,Home,49.61,UPI,0
379,296,2024-01-14 00:00:00,Electronics,60.08,Credit Card,1
380,141,2024-01-15 00:00:00,Beauty,62.09,Debit Card,1
381,155,2024-01-16 00:00:00,Electronics,2.67,UPI,1
382,262,2024-01-17 00:00:00,Electronics,98.22,Credit Card,1
383,273,2024-01-18 00:00:00,Clothing,30.65,UPI,1
384,232,2024-01-19 00:00:00,Clothing,15.22,Wallet,1
385,241,2024-01-20 00:00:00,Electronics,13.84,Credit Card,1
386,258,2024-01-21 00:00:00,Books,32.99,Debit Card,1
387,249,2024-01-22 00:00:00,Clothing,108.94,UPI,1
388,77,2024-01-23 00:00:00,Beauty,23.77,Cash,1
389,180,2024-01-24 00:00:00,Home,69.26,UPI,0
390,66,2024-01-25 00:00:00,Clothing,5.09,Cash,1
391,171,2024-01-26 00:00:00,Electronics,32.32,Debit Card,1
392,22,2024-01-27 00:00:00,Books,239.49,Wallet,1
393,107,2024-01-28 00:00:00,Home,73.58,Cash,1
394,227,2024-01-29 00:00:00,Clothing,11.82,Wallet,1
395,216,2024-01-30 00:00:00,Books,34.8,UPI,1
396,69,2024-01-31 00:00:00,Books,13.3,Debit Card,1
397,84,2024-02-01 00:00:00,Books,26.34,Cash,1
398,103,2024-02-02 00:00:00,Electronics,75.73,UPI,1
399,39,2024-02-03 00:00:00,Beauty,73.75,Credit Card,1
400,13,2024-02-04 00:00:00,Books,12.95,UPI,1
401,297,2024-02-05 00:00:00,Home,127.7,Wallet,1
402,181,2024-02-06 00:00:00,Clothing,44.89,Debit Card,1
403,268,2024-02-07 00:00:00,Home,23.9,Debit Card,1
404,13,2024-02-08 00:00:00,Electronics,34.85,UPI,1
405,120,2024-02-09 00:00:00,Electronics,46.45,Credit Card,1
406,57,2024-02-10 00:00:00,Home,41.04,Wallet,1
407,40,2024-02-11 00:00:00,Beauty,33.32,UPI,1
408,128,2024-02-12 00:00:00,Electronics,35.15,UPI,1
409,173,2024-02-13 00:00:00,Electronics,9.7,Debit Card,1
410,35,2024-02-14 00:00:00,Home,83.76,Wallet,0
411,259,2024-02-15 00:00:00,Electronics,39.02,Credit Card,1
412,5,2024-02-16 00:00:00,Beauty,7.03,Debit Card,1
413,218,2024-02-17 00:00:00,Beauty,72.66,UPI,1
414,11,2024-02-18 00:00:00,Beauty,134.74,Debit Card,1
415,117,2024-02-19 00:00:00,Clothing,147.16,Debit Card,1
416,184,2024-02-20 00:00:00,Beauty,23.02,Cash,1
417,116,2024-02-21 00:00:00,Beauty,7.28,Debit Card,1
418,162,2024-02-22 00:00:00,Clothing,36.53,Debit Card,1
419,67,2024-02-23 00:00:00,Books,5.97,Wallet,1
420,200,2024-02-24 00:00:00,Electronics,135.9,Debit Card,1
421,31,2024-02-25 00:00:00,Beauty,10.14,Credit Card,1
422,75,2024-02-26 00:00:00,Electronics,14.57,UPI,1
423,237,2024-02-27 00:00:00,Home,26.1,Wallet,1
424,66,2024-02-28 00:00:00,Electronics,24.16,Debit Card,1
425,70,2024-02-29 00:00:00,Clothing,79.16,Credit Card,1
426,297,2024-03-01 00:00:00,Electronics,30.47,UPI,1
427,20,2024-03-02 00:00:00,Electronics,9.36,Wallet,1
428,226,2024-03-03 00:00:00,Electronics,15.54,Credit Card,1
429,199,2024-03-04 00:00:00,Books,35.58,Debit Card,1
430,39,2024-03-05 00:00:00,Books,7.98,Cash,1
431,145,2024-03-06 00:00:00,Home,47.29,Cash,1
432,45,2024-03-07 00:00:00,Clothing,41.71,Wallet,1
433,91,2024-03-08 00:00:00,Electronics,62.71,Credit Card,1
434,238,2024-03-09 00:00:00,Electronics,138.79,UPI,1
435,70,2024-03-10 00:00:00,Electronics,121.67,Credit Card,1
436,166,2024-03-11 00:00:00,Electronics,146.01,Cash,1
437,130,2024-03-12 00:00:00,Books,14.03,Wallet,1
438,214,2024-03-13 00:00:00,Home,7.05,Debit Card,1
439,89,2024-03-14 00:00:00,Beauty,18,Credit Card,1
440,252,2024-03-15 00:00:00,Clothing,112.73,Cash,1
441,72,2024-03-16 00:00:00,Electronics,178.87,UPI,1
442,165,2024-03-17 00:00:00,Home,98.07,Wallet,1
443,49,2024-03-18 00:00:00,Beauty,5.83,Debit Card,1
444,52,2024-03-19 00:00:00,Home,147.28,Credit Card,0
445,289,2024-03-20 00:00:00,Books,27.53,UPI,1
446,278,2024-03-21 00:00:00,Beauty,0.47,Debit Card,1
447,114,2024-03-22 00:00:00,Home,29.21,Cash,1
448,239,2024-03-23 00:00:00,Books,2.36,Cash,1
449,133,2024-03-24 00:00:00,Home,39.25,UPI,1
450,274,2024-03-25 00:00:00,Home,20.67,Cash,1
451,166,2024-03-26 00:00:00,Beauty,32.07,Wallet,1
452,293,2024-03-27 00:00:00,Books,47.49,UPI,1
453,243,2024-03-28 00:00:00,Electronics,101.55,Cash,1
454,138,2024-03-29 00:00:00,Clothing,54.22,Credit Card,1
455,79,2024-03-30 00:00:00,Beauty,28.46,Cash,1
456,170,2024-03-31 00:00:00,Books,85.58,Wallet,1
457,123,2024-04-01 00:00:00,Home,118,Debit Card,1
458,176,2024-04-02 00:00:00,Books,6.38,Debit Card,1
459,82,2024-04-03 00:00:00,Clothing,37.96,Cash,1
460,87,2024-04-04 00:00:00,Clothing,16.74,Debit Card,1
461,225,2024-04-05 00:00:00,Electronics,2.41,Cash,1
462,16,2024-04-06 00:00:00,Electronics,55.21,Wallet,1
463,163,2024-04-07 00:00:00,Clothing,99.31,Debit Card,1
464,98,2024-04-08 00:00:00,Beauty,8.89,Credit Card,1
465,156,2024-04-09 00:00:00,Beauty,83.68,Cash,1
466,2,2024-04-10 00:00:00,Home,96,Debit Card,1
467,169,2024-04-11 00:00:00,Electronics,122.87,Wallet,1
468,92,2024-04-12 00:00:00,Home,15.41,Wallet,1
469,181,2024-04-13 00:00:00,Electronics,117.15,Credit Card,1
470,231,2024-04-14 00:00:00,Clothing,19.33,Wallet,1
471,148,2024-04-15 00:00:00,Beauty,40.19,Wallet,0
472,280,2024-04-16 00:00:00,Beauty,2.59,Debit Card,1
473,189,2024-04-17 00:00:00,Clothing,2.24,Cash,1
474,128,2024-04-18 00:00:00,Home,63.71,UPI,1
475,7,2024-04-19 00:00:00,Home,29.39,Wallet,1
476,47,2024-04-20 00:00:00,Books,14.81,Wallet,1
477,53,2024-04-21 00:00:00,Electronics,10.56,UPI,1
478,187,2024-04-22 00:00:00,Home,55.43,Wallet,0
479,38,2024-04-23 00:00:00,Clothing,0.02,Debit Card,1
480,226,2024-04-24 00:00:00,Home,81.97,Debit Card,1
481,53,2024-04-25 00:00:00,Beauty,4.13,UPI,1
482,224,2024-04-26 00:00:00,Electronics,10.63,Wallet,1
483,154,2024-04-27 00:00:00,Books,24.41,Wallet,1
484,48,2024-04-28 00:00:00,Electronics,33.17,Cash,1
485,147,2024-04-29 00:00:00,Beauty,21.92,Wallet,1
486,64,2024-04-30 00:00:00,Beauty,19.34,Debit Card,1
487,182,2024-05-01 00:00:00,Beauty,166.1,Credit Card,1
488,125,2024-05-02 00:00:00,Beauty,51.3,Credit Card,1
489,179,2024-05-03 00:00:00,Clothing,1.19,Credit Card,1
490,39,2024-05-04 00:00:00,Books,28.12,Credit Card,1
491,260,2024-05-05 00:00:00,Beauty,103.98,Wallet,1
492,3,2024-05-06 00:00:00,Beauty,17.94,Wallet,1
493,64,2024-05-07 00:00:00,Home,4.97,Cash,1
494,29,2024-05-08 00:00:00,Books,71.02,Wallet,0
495,11,2024-05-09 00:00:00,Electronics,46.57,Credit Card,1
496,97,2024-05-10 00:00:00,Books,42.23,UPI,1
497,203,2024-05-11 00:00:00,Books,2.75,UPI,1
498,21,2024-05-12 00:00:00,Books,7.57,Debit Card,1
499,39,2024-05-13 00:00:00,Beauty,48.72,Debit Card,1
500,223,2024-05-14 00:00:00,Beauty,11.65,Wallet,1
501,102,2024-05-15 00:00:00,Clothing,35.07,UPI,1
502,46,2024-05-16 00:00:00,Electronics,39.36,Credit Card,1
503,66,2024-05-17 00:00:00,Home,16.67,Credit Card,1
504,91,2024-05-18 00:00:00,Books,148.24,Credit Card,1
505,164,2024-05-19 00:00:00,Electronics,92.41,Wallet,1
506,111,2024-05-20 00:00:00,Electronics,64.07,Wallet,1
507,123,2024-05-21 00:00:00,Clothing,4.06,Cash,1
508,193,2024-05-22 00:00:00,Home,5.61,Credit Card,1
509,99,2024-05-23 00:00:00,Books,33.94,Credit Card,1
510,291,2024-05-24 00:00:00,Home,8.76,Wallet,1
511,159,2024-05-25 00:00:00,Clothing,191.44,Wallet,1
512,103,2024-05-26 00:00:00,Beauty,8.63,Cash,1
513,281,2024-05-27 00:00:00,Electronics,33.42,Cash,1
514,43,2024-05-28 00:00:00,Books,22.64,Debit Card,1
515,84,2024-05-29 00:00:00,Beauty,51,UPI,1
516,191,2024-05-30 00:00:00,Clothing,6.91,Credit Card,1
517,51,2024-05-31 00:00:00,Home,28.13,Credit Card,1
518,210,2024-06-01 00:00:00,Electronics,16.06,Cash,1
519,126,2024-06-02 00:00:00,Books,109.35,Cash,1
520,69,2024-06-03 00:00:00,Beauty,2.07,Debit Card,1
521,265,2024-06-04 00:00:00,Beauty,122.51,UPI,1
522,258,2024-06-05 00:00:00,Electronics,89.49,Debit Card,1
523,188,2024-06-06 00:00:00,Home,17.66,UPI,1
524,230,2024-06-07 00:00:00,Clothing,77.86,Credit Card,1
525,189,2024-06-08 00:00:00,Home,1.59,Debit Card,1
526,10,2024-06-09 00:00:00,Home,170.36,Cash,1
527,114,2024-06-10 00:00:00,Home,37.39,Debit Card,1
528,76,2024-06-11 00:00:00,Electronics,18.07,Debit Card,1
529,164,2024-06-12 00:00:00,Electronics,22.52,Credit Card,1
530,85,2024-06-13 00:00:00,Clothing,3.44,Cash,1
531,49,2024-06-14 00:00:00,Home,227.11,Cash,1
532,177,2024-06-15 00:00:00,Electronics,2,Wallet,1
533,218,2024-06-16 00:00:00,Clothing,53.2,Wallet,1
534,189,2024-06-17 00:00:00,Clothing,29.24,Wallet,1
535,230,2024-06-18 00:00:00,Home,148.71,Credit Card,1
536,255,2024-06-19 00:00:00,Books,14.12,Debit Card,1
537,236,2024-06-20 00:00:00,Home,37.97,Cash,1
538,26,2024-06-21 00:00:00,Books,32.92,Cash,1
539,72,2024-06-22 00:00:00,Clothing,60.68,Debit Card,1
540,261,2024-06-23 00:00:00,Electronics,3.52,Cash,1
541,254,2024-06-24 00:00:00,Beauty,10.77,Debit Card,1
542,271,2024-06-25 00:00:00,Clothing,12.08,Credit Card,1
543,123,2024-06-26 00:00:00,Electronics,67,Credit Card,1
544,144,2024-06-27 00:00:00,Clothing,10.48,Credit Card,1
545,257,2024-06-28 00:00:00,Home,42.61,Debit Card,1
546,144,2024-06-29 00:00:00,Books,12.12,Debit Card,1
547,259,2024-06-30 00:00:00,Clothing,98.89,UPI,1
548,47,2024-07-01 00:00:00,Electronics,142.53,Cash,1
549,13,2024-07-02 00:00:00,Home,36.54,Cash,1
550,208,2024-07-03 00:00:00,Beauty,21.72,UPI,1
551,235,2024-07-04 00:00:00,Home,13.33,UPI,1
552,149,2024-07-05 00:00:00,Books,2.55,Credit Card,1
553,155,2024-07-06 00:00:00,Home,15.63,UPI,1
554,166,2024-07-07 00:00:00,Beauty,53.1,Debit Card,1
555,90,2024-07-08 00:00:00,Electronics,38.14,Wallet,1
556,186,2024-07-09 00:00:00,Clothing,144.16,Debit Card,1
557,174,2024-07-10 00:00:00,Books,25.23,UPI,1
558,217,2024-07-11 00:00:00,Beauty,59.19,Cash,1
559,264,2024-07-12 00:00:00,Books,33.6,Debit Card,1
560,97,2024-07-13 00:00:00,Home,35.93,Cash,1
561,117,2024-07-14 00:00:00,Books,15.58,Debit Card,1
562,199,2024-07-15 00:00:00,Beauty,30.34,Cash,1
563,21,2024-07-16 00:00:00,Clothing,31.82,Debit Card,1
564,200,2024-07-17 00:00:00,Clothing,61.32,Cash,1
565,248,2024-07-18 00:00:00,Books,141.21,Wallet,1
566,276,2024-07-19 00:00:00,Electronics,19.97,Credit Card,1
567,264,2024-07-20 00:00:00,Books,2.16,Debit Card,1
568,58,2024-07-21 00:00:00,Home,34.29,Wallet,1
569,31,2024-07-22 00:00:00,Clothing,39.31,Credit Card,1
570,249,2024-07-23 00:00:00,Clothing,9.22,Debit Card,1
571,93,2024-07-24 00:00:00,Clothing,71.45,Wallet,1
572,265,2024-07-25 00:00:00,Electronics,209.75,Wallet,1
573,271,2024-07-26 00:00:00,Electronics,145.73,Wallet,1
574,94,2024-07-27 00:00:00,Beauty,10.98,UPI,1
575,154,2024-07-28 00:00:00,Books,104.12,Cash,1
576,285,2024-07-29 00:00:00,Books,60.95,Credit Card,1
577,80,2024-07-30 00:00:00,Home,30.24,Cash,1
578,292,2024-07-31 00:00:00,Clothing,38.89,Cash,1
579,84,2024-08-01 00:00:00,Electronics,94.72,Cash,1
580,37,2024-08-02 00:00:00,Home,32.71,Wallet,1
581,232,2024-08-03 00:00:00,Home,23.36,Cash,1
582,93,2024-08-04 00:00:00,Electronics,33.99,UPI,1
583,102,2024-08-05 00:00:00,Books,43.27,Debit Card,1
584,166,2024-08-06 00:00:00,Clothing,10.48,Wallet,1
585,159,2024-08-07 00:00:00,Books,115.59,Credit Card,1
586,14,2024-08-08 00:00:00,Home,56.07,Debit Card,1
587,225,2024-08-09 00:00:00,Clothing,50.16,Debit Card,1
588,73,2024-08-10 00:00:00,Beauty,5.24,Debit Card,1
589,249,2024-08-11 00:00:00,Home,46.34,Cash,1
590,91,2024-08-12 00:00:00,Books,6.45,Cash,1
591,216,2024-08-13 00:00:00,Books,4.1,Wallet,1
592,90,2024-08-14 00:00:00,Books,37.47,Cash,1
593,29,2024-08-15 00:00:00,Electronics,25.77,Cash,1
594,220,2024-08-16 00:00:00,Home,44.44,Cash,1
595,215,2024-08-17 00:00:00,Clothing,4.67,Wallet,1
596,221,2024-08-18 00:00:00,Books,28.19,Wallet,1
597,42,2024-08-19 00:00:00,Books,9.61,UPI,1
598,135,2024-08-20 00:00:00,Electronics,217.53,UPI,0
599,42,2024-08-21 00:00:00,Clothing,41.18,UPI,1
600,164,2024-08-22 00:00:00,Home,58.15,UPI,1
601,283,2024-08-23 00:00:00,Beauty,19.68,Debit Card,1
602,58,2024-08-24 00:00:00,Electronics,4.98,Debit Card,1
603,25,2024-08-25 00:00:00,Home,186.22,UPI,1
604,73,2024-08-26 00:00:00,Beauty,16.86,UPI,1
605,129,2024-08-27 00:00:00,Books,27.57,Credit Card,0
606,87,2024-08-28 00:00:00,Books,52.47,Debit Card,1
607,153,2024-08-29 00:00:00,Clothing,1.25,Credit Card,1
608,182,2024-08-30 00:00:00,Beauty,83.1,Credit Card,1
609,125,2024-08-31 00:00:00,Books,38.46,Cash,1
610,67,2024-09-01 00:00:00,Books,16.3,Wallet,1
611,6,2024-09-02 00:00:00,Clothing,3.18,Debit Card,1
612,125,2024-09-03 00:00:00,Home,8.87,UPI,1
613,53,2024-09-04 00:00:00,Books,112.71,UPI,0
614,66,2024-09-05 00:00:00,Electronics,57.92,Wallet,1
615,82,2024-09-06 00:00:00,Electronics,14.38,Debit Card,1
616,87,2024-09-07 00:00:00,Home,3.39,UPI,1
617,2,2024-09-08 00:00:00,Beauty,58.66,UPI,0
618,204,2024-09-09 00:00:00,Clothing,42.48,Cash,1
619,150,2024-09-10 00:00:00,Electronics,25.92,Credit Card,1
620,293,2024-09-11 00:00:00,Electronics,22.6,UPI,1
621,103,2024-09-12 00:00:00,Home,12.22,Debit Card,1
622,24,2024-09-13 00:00:00,Beauty,55.37,Wallet,1
623,212,2024-09-14 00:00:00,Beauty,176.45,Cash,1
624,65,2024-09-15 00:00:00,Home,9.66,Debit Card,1
625,209,2024-09-16 00:00:00,Electronics,45.46,Cash,1
626,251,2024-09-17 00:00:00,Clothing,27.6,Credit Card,1
627,117,2024-09-18 00:00:00,Electronics,29.59,UPI,1
628,116,2024-09-19 00:00:00,Beauty,14.66,Debit Card,1
629,237,2024-09-20 00:00:00,Electronics,87.19,Wallet,1
630,105,2024-09-21 00:00:00,Clothing,33.2,Credit Card,1
631,259,2024-09-22 00:00:00,Books,39.2,Credit Card,1
632,46,2024-09-23 00:00:00,Electronics,18.17,Cash,1
633,216,2024-09-24 00:00:00,Home,10.03,Credit Card,1
634,24,2024-09-25 00:00:00,Books,4.49,Debit Card,1
635,35,2024-09-26 00:00:00,Home,62.61,Cash,1
636,24,2024-09-27 00:00:00,Home,10.92,Credit Card,1
637,28,2024-09-28 00:00:00,Home,58.57,Wallet,1
638,16,2024-09-29 00:00:00,Electronics,24.75,Debit Card,1
639,59,2024-09-30 00:00:00,Beauty,26.87,Wallet,1
640,243,2024-10-01 00:00:00,Books,31.67,Wallet,0
641,207,2024-10-02 00:00:00,Clothing,22.92,Cash,1
642,271,2024-10-03 00:00:00,Beauty,5.3,UPI,1
643,249,2024-10-04 00:00:00,Electronics,18.53,Cash,1
644,267,2024-10-05 00:00:00,Home,54.49,Debit Card,1
645,193,2024-10-06 00:00:00,Clothing,54.8,Debit Card,1
646,218,2024-10-07 00:00:00,Books,16.86,Cash,1
647,115,2024-10-08 00:00:00,Beauty,30.82,UPI,1
648,68,2024-10-09 00:00:00,Beauty,10.75,Cash,1
649,299,2024-10-10 00:00:00,Clothing,11.81,Debit Card,1
650,75,2024-10-11 00:00:00,Electronics,1.17,UPI,1
651,103,2024-10-12 00:00:00,Books,113.53,Debit Card,1
652,297,2024-10-13 00:00:00,Clothing,11.83,UPI,1
653,178,2024-10-14 00:00:00,Home,12.91,UPI,1
654,215,2024-10-15 00:00:00,Books,16.4,Cash,1
655,39,2024-10-16 00:00:00,Beauty,6.81,Cash,1
656,259,2024-10-17 00:00:00,Clothing,50.98,Cash,1
657,204,2024-10-18 00:00:00,Beauty,3.91,UPI,1
658,7,2024-10-19 00:00:00,Beauty,7.21,UPI,1
659,49,2024-10-20 00:00:00,Beauty,51.75,Debit Card,1
660,26,2024-10-21 00:00:00,Electronics,20.75,Wallet,1
661,161,2024-10-22 00:00:00,Beauty,61.54,Cash,1
662,176,2024-10-23 00:00:00,Home,40.76,Debit Card,0
663,79,2024-10-24 00:00:00,Home,14.79,Debit Card,1
664,2,2024-10-25 00:00:00,Books,52.61,Credit Card,1
665,132,2024-10-26 00:00:00,Beauty,6.18,Cash,1
666,276,2024-10-27 00:00:00,Beauty,38.44,Debit Card,1
667,117,2024-10-28 00:00:00,Clothing,28.74,Credit Card,1
668,164,2024-10-29 00:00:00,Electronics,15.59,Cash,1
669,288,2024-10-30 00:00:00,Books,46.32,UPI,1
670,28,2024-10-31 00:00:00,Beauty,102.53,Credit Card,1
671,1,2024-11-01 00:00:00,Clothing,340.84,UPI,1
672,188,2024-11-02 00:00:00,Electronics,46.79,Wallet,1
673,56,2024-11-03 00:00:00,Books,25.93,Wallet,1
674,35,2024-11-04 00:00:00,Books,12.76,Wallet,1
675,112,2024-11-05 00:00:00,Beauty,14.86,Wallet,1
676,286,2024-11-06 00:00:00,Books,32.64,Debit Card,0
677,36,2024-11-07 00:00:00,Clothing,22.89,Wallet,1
678,217,2024-11-08 00:00:00,Books,122.56,Debit Card,1
679,80,2024-11-09 00:00:00,Home,22.97,Debit Card,1
680,83,2024-11-10 00:00:00,Clothing,23.38,Cash,1
681,65,2024-11-11 00:00:00,Electronics,24.19,Debit Card,1
682,128,2024-11-12 00:00:00,Electronics,90.58,Debit Card,1
683,22,2024-11-13 00:00:00,Beauty,52.6,Wallet,1
684,216,2024-11-14 00:00:00,Beauty,47.62,Debit Card,1
685,107,2024-11-15 00:00:00,Home,20.33,UPI,1
686,109,2024-11-16 00:00:00,Electronics,85.16,Wallet,1
687,181,2024-11-17 00:00:00,Electronics,1.96,Credit Card,1
688,164,2024-11-18 00:00:00,Electronics,102.32,Wallet,1
689,68,2024-11-19 00:00:00,Electronics,35.95,Debit Card,1
690,292,2024-11-20 00:00:00,Books,25.4,UPI,1
691,180,2024-11-21 00:00:00,Clothing,34.37,Wallet,0
692,181,2024-11-22 00:00:00,Clothing,55.04,UPI,1
693,169,2024-11-23 00:00:00,Home,0.64,Credit Card,1
694,22,2024-11-24 00:00:00,Books,102.61,Credit Card,1
695,66,2024-11-25 00:00:00,Electronics,29.6,Cash,1
696,21,2024-11-26 00:00:00,Electronics,21,Cash,1
697,100,2024-11-27 00:00:00,Beauty,7.44,Wallet,1
698,103,2024-11-28 00:00:00,Beauty,28.94,Cash,1
699,47,2024-11-29 00:00:00,Home,34.29,UPI,1
700,39,2024-11-30 00:00:00,Electronics,25.85,Cash,1
701,285,2024-12-01 00:00:00,Home,56.76,UPI,1
702,90,2024-12-02 00:00:00,Books,27.31,Cash,1
703,85,2024-12-03 00:00:00,Clothing,162.75,Cash,1
704,273,2024-12-04 00:00:00,Electronics,45.72,Cash,0
705,188,2024-12-05 00:00:00,Books,82.38,Debit Card,1
706,159,2024-12-06 00:00:00,Electronics,5.79,Debit Card,1
707,243,2024-12-07 00:00:00,Beauty,25.32,Cash,1
708,73,2024-12-08 00:00:00,Home,20.54,UPI,1
709,49,2024-12-09 00:00:00,Beauty,42.14,Wallet,1
710,101,2024-12-10 00:00:00,Clothing,98.7,Credit Card,1
711,2,2024-12-11 00:00:00,Beauty,4.08,Debit Card,1
712,244,2024-12-12 00:00:00,Electronics,3.77,Cash,1
713,176,2024-12-13 00:00:00,Beauty,94.96,Credit Card,1
714,238,2024-12-14 00:00:00,Electronics,11.97,Debit Card,1
715,59,2024-12-15 00:00:00,Clothing,55.24,Wallet,1
716,99,2024-12-16 00:00:00,Beauty,39.14,UPI,1
717,2,2024-12-17 00:00:00,Home,89.46,Cash,1
718,243,2024-12-18 00:00:00,Home,6.68,Wallet,1
719,297,2024-12-19 00:00:00,Home,6.95,Debit Card,1
720,211,2024-12-20 00:00:00,Beauty,40.69,Cash,1
721,123,2024-12-21 00:00:00,Beauty,146.29,Credit Card,1
722,229,2024-12-22 00:00:00,Beauty,26.81,UPI,1
723,82,2024-12-23 00:00:00,Electronics,19.8,Debit Card,1
724,144,2024-12-24 00:00:00,Clothing,46.66,UPI,1
725,140,2024-12-25 00:00:00,Home,133.28,Cash,1
726,29,2024-12-26 00:00:00,Electronics,90.68,Wallet,1
727,270,2024-12-27 00:00:00,Home,270,UPI,1
728,247,2024-12-28 00:00:00,Electronics,1.14,Credit Card,1
729,12,2024-12-29 00:00:00,Beauty,5.99,Debit Card,1
730,106,2024-12-30 00:00:00,Home,47.01,Credit Card,1
731,32,2024-12-31 00:00:00,Beauty,85.9,UPI,1
732,74,2025-01-01 00:00:00,Home,16.79,Wallet,1
733,171,2025-01-02 00:00:00,Books,13.67,Wallet,1
734,69,2025-01-03 00:00:00,Electronics,77.32,Credit Card,1
735,137,2025-01-04 00:00:00,Books,2.9,Cash,1
736,100,2025-01-05 00:00:00,Electronics,23.05,Cash,1
737,146,2025-01-06 00:00:00,Clothing,35.24,Wallet,1
738,9,2025-01-07 00:00:00,Home,41.09,Credit Card,1
739,62,2025-01-08 00:00:00,Clothing,65.21,Credit Card,1
740,185,2025-01-09 00:00:00,Clothing,21.91,Credit Card,1
741,29,2025-01-10 00:00:00,Electronics,47.43,UPI,1
742,114,2025-01-11 00:00:00,Books,44.02,Cash,1
743,143,2025-01-12 00:00:00,Beauty,39.66,Cash,1
744,120,2025-01-13 00:00:00,Electronics,51.15,UPI,1
745,170,2025-01-14 00:00:00,Beauty,15.02,Debit Card,1
746,157,2025-01-15 00:00:00,Clothing,4.42,UPI,1
747,260,2025-01-16 00:00:00,Beauty,6.35,Credit Card,1
748,82,2025-01-17 00:00:00,Books,12.72,UPI,1
749,242,2025-01-18 00:00:00,Electronics,34.68,Credit Card,1
750,172,2025-01-19 00:00:00,Books,91.77,Wallet,1
751,231,2025-01-20 00:00:00,Books,60.41,Credit Card,1
752,208,2025-01-21 00:00:00,Electronics,77.8,Cash,1
753,75,2025-01-22 00:00:00,Books,21.61,UPI,1
754,270,2025-01-23 00:00:00,Home,25.93,Credit Card,1
755,114,2025-01-24 00:00:00,Home,25.02,Debit Card,1
756,62,2025-01-25 00:00:00,Home,10.65,Wallet,1
757,102,2025-01-26 00:00:00,Beauty,3.16,Debit Card,1
758,210,2025-01-27 00:00:00,Books,44.69,Debit Card,1
759,255,2025-01-28 00:00:00,Electronics,226.49,Debit Card,1
760,20,2025-01-29 00:00:00,Electronics,9.13,Wallet,1
761,58,2025-01-30 00:00:00,Beauty,2.39,Wallet,1
762,112,2025-01-31 00:00:00,Electronics,75.6,Wallet,1
763,196,2025-02-01 00:00:00,Home,14.56,Wallet,1
764,92,2025-02-02 00:00:00,Books,88.49,Debit Card,1
765,52,2025-02-03 00:00:00,Electronics,60.86,Cash,1
766,293,2025-02-04 00:00:00,Electronics,145.64,Cash,1
767,8,2025-02-05 00:00:00,Clothing,26.29,Wallet,1
768,98,2025-02-06 00:00:00,Clothing,54.23,UPI,1
769,236,2025-02-07 00:00:00,Clothing,31.26,Credit Card,1
770,69,2025-02-08 00:00:00,Books,49.79,UPI,1
771,45,2025-02-09 00:00:00,Home,29.86,UPI,1
772,137,2025-02-10 00:00:00,Home,10.45,UPI,1
773,234,2025-02-11 00:00:00,Home,35.45,Cash,1
774,32,2025-02-12 00:00:00,Books,37.6,Credit Card,1
775,289,2025-02-13 00:00:00,Books,83.2,UPI,1
776,126,2025-02-14 00:00:00,Clothing,66.5,Wallet,1
777,67,2025-02-15 00:00:00,Electronics,54.5,Cash,1
778,30,2025-02-16 00:00:00,Beauty,6.02,Wallet,1
779,114,2025-02-17 00:00:00,Beauty,63.76,Wallet,1
780,204,2025-02-18 00:00:00,Electronics,34.69,UPI,1
781,29,2025-02-19 00:00:00,Clothing,112.26,Wallet,1
782,131,2025-02-20 00:00:00,Electronics,126.21,Credit Card,1
783,185,2025-02-21 00:00:00,Electronics,2.84,Wallet,1
784,253,2025-02-22 00:00:00,Beauty,85.92,UPI,1
785,286,2025-02-23 00:00:00,Clothing,1.92,Wallet,1
786,62,2025-02-24 00:00:00,Books,22.88,Cash,1
787,3,2025-02-25 00:00:00,Beauty,39.08,Cash,1
788,68,2025-02-26 00:00:00,Books,8.01,Cash,1
789,25,2025-02-27 00:00:00,Clothing,68.58,Debit Card,1
790,179,2025-02-28 00:00:00,Electronics,0.42,Cash,1
791,141,2025-03-01 00:00:00,Home,9.23,Cash,1
792,231,2025-03-02 00:00:00,Home,43.47,Debit Card,1
793,163,2025-03-03 00:00:00,Clothing,62.66,Cash,1
794,130,2025-03-04 00:00:00,Home,124.23,UPI,1
795,246,2025-03-05 00:00:00,Books,61.12,Cash,1
796,297,2025-03-06 00:00:00,Home,55.7,Cash,1
797,172,2025-03-07 00:00:00,Clothing,25.07,Debit Card,1
798,64,2025-03-08 00:00:00,Clothing,0.06,UPI,1
799,31,2025-03-09 00:00:00,Books,6.4,Wallet,1
800,47,2025-03-10 00:00:00,Home,38.24,Credit Card,1
801,130,2025-03-11 00:00:00,Home,56.22,UPI,1
802,110,2025-03-12 00:00:00,Electronics,27.02,Wallet,1
803,69,2025-03-13 00:00:00,Beauty,65.59,UPI,1
804,58,2025-03-14 00:00:00,Clothing,36.89,Wallet,1
805,106,2025-03-15 00:00:00,Electronics,3.85,Wallet,1
806,256,2025-03-16 00:00:00,Clothing,10.66,UPI,0
807,171,2025-03-17 00:00:00,Electronics,91.63,Debit Card,1
808,162,2025-03-18 00:00:00,Beauty,64.53,UPI,1
809,286,2025-03-19 00:00:00,Electronics,112.58,UPI,1
810,71,2025-03-20 00:00:00,Clothing,6.25,Wallet,1
811,255,2025-03-21 00:00:00,Home,231.38,Credit Card,1
812,55,2025-03-22 00:00:00,Clothing,11.75,Wallet,1
813,3,2025-03-23 00:00:00,Books,0.59,Cash,1
814,26,2025-03-24 00:00:00,Books,298.06,UPI,1
815,126,2025-03-25 00:00:00,Books,16.5,UPI,1
816,53,2025-03-26 00:00:00,Books,55.13,Debit Card,1
817,198,2025-03-27 00:00:00,Beauty,9.72,Wallet,1
818,299,2025-03-28 00:00:00,Home,43.4,Debit Card,1
819,188,2025-03-29 00:00:00,Home,117.19,UPI,1
820,186,2025-03-30 00:00:00,Clothing,19.3,Wallet,1
821,298,2025-03-31 00:00:00,Electronics,55.47,Wallet,0
822,204,2025-04-01 00:00:00,Clothing,10.41,Cash,0
823,11,2025-04-02 00:00:00,Clothing,49.01,Cash,1
824,146,2025-04-03 00:00:00,Clothing,20.51,Credit Card,1
825,85,2025-04-04 00:00:00,Clothing,11.86,Cash,0
826,100,2025-04-05 00:00:00,Home,18.78,Wallet,1
827,104,2025-04-06 00:00:00,Electronics,9.85,Cash,1
828,46,2025-04-07 00:00:00,Clothing,116.1,Credit Card,1
829,44,2025-04-08 00:00:00,Home,25.31,UPI,1
830,278,2025-04-09 00:00:00,Clothing,14.07,Cash,1
831,181,2025-04-10 00:00:00,Books,29.75,Wallet,1
832,187,2025-04-11 00:00:00,Clothing,19.32,UPI,1
833,114,2025-04-12 00:00:00,Clothing,68.21,Wallet,1
834,255,2025-04-13 00:00:00,Beauty,177.4,UPI,1
835,30,2025-04-14 00:00:00,Books,28.82,Wallet,1
836,264,2025-04-15 00:00:00,Electronics,98.68,Cash,1
837,98,2025-04-16 00:00:00,Clothing,41.72,Cash,1
838,115,2025-04-17 00:00:00,Electronics,8.55,Credit Card,1
839,276,2025-04-18 00:00:00,Books,58.66,UPI,1
840,281,2025-04-19 00:00:00,Clothing,36.02,Credit Card,1
841,275,2025-04-20 00:00:00,Beauty,52.58,Debit Card,1
842,261,2025-04-21 00:00:00,Home,110.22,Cash,1
843,207,2025-04-22 00:00:00,Beauty,29.03,UPI,1
844,211,2025-04-23 00:00:00,Beauty,115.72,Credit Card,1
845,215,2025-04-24 00:00:00,Home,69.45,Credit Card,1
846,40,2025-04-25 00:00:00,Home,33.53,Debit Card,1
847,26,2025-04-26 00:00:00,Home,46.22,Credit Card,1
848,27,2025-04-27 00:00:00,Clothing,19.7,Wallet,1
849,190,2025-04-28 00:00:00,Electronics,205.52,Cash,1
850,83,2025-04-29 00:00:00,Electronics,55.03,Credit Card,1
851,170,2025-04-30 00:00:00,Home,2.24,Credit Card,1
852,167,2025-05-01 00:00:00,Beauty,19.77,Debit Card,1
853,188,2025-05-02 00:00:00,Books,48.82,Wallet,1
854,169,2025-05-03 00:00:00,Home,2.9,Credit Card,1
855,289,2025-05-04 00:00:00,Beauty,1.21,Cash,1
856,229,2025-05-05 00:00:00,Beauty,29.89,Cash,1
857,97,2025-05-06 00:00:00,Clothing,20.23,Credit Card,1
858,16,2025-05-07 00:00:00,Clothing,28.84,Wallet,1
859,279,2025-05-08 00:00:00,Electronics,15.24,Cash,1
860,135,2025-05-09 00:00:00,Electronics,9,Cash,1
861,26,2025-05-10 00:00:00,Books,58.42,Wallet,1
862,12,2025-05-11 00:00:00,Books,36.14,Wallet,1
863,72,2025-05-12 00:00:00,Books,11.17,Credit Card,1
864,133,2025-05-13 00:00:00,Books,19.25,UPI,0
865,106,2025-05-14 00:00:00,Beauty,44.8,Debit Card,1
866,220,2025-05-15 00:00:00,Beauty,3.75,UPI,1
867,177,2025-05-16 00:00:00,Electronics,7.98,UPI,1
868,282,2025-05-17 00:00:00,Clothing,3.8,Cash,1
869,133,2025-05-18 00:00:00,Clothing,83.65,Wallet,1
870,22,2025-05-19 00:00:00,Home,69.8,Cash,1
871,269,2025-05-20 00:00:00,Beauty,69.98,Debit Card,0
872,161,2025-05-21 00:00:00,Books,63,Credit Card,1
873,107,2025-05-22 00:00:00,Books,55.34,Debit Card,1
874,279,2025-05-23 00:00:00,Home,32.41,Cash,1
875,235,2025-05-24 00:00:00,Clothing,51.4,Cash,1
876,18,2025-05-25 00:00:00,Books,1.96,Cash,1
877,242,2025-05-26 00:00:00,Clothing,48.57,Cash,1
878,117,2025-05-27 00:00:00,Home,75.23,UPI,1
879,286,2025-05-28 00:00:00,Clothing,34.69,Credit Card,1
880,282,2025-05-29 00:00:00,Clothing,22.12,UPI,1
881,144,2025-05-30 00:00:00,Clothing,16.25,Cash,1
882,205,2025-05-31 00:00:00,Books,51.47,Wallet,1
883,39,2025-06-01 00:00:00,Electronics,59.01,UPI,1
884,154,2025-06-02 00:00:00,Beauty,102.38,Cash,1
885,176,2025-06-03 00:00:00,Clothing,20.95,Cash,1
886,241,2025-06-04 00:00:00,Clothing,73.43,Credit Card,1
887,134,2025-06-05 00:00:00,Clothing,41.2,Debit Card,0
888,46,2025-06-06 00:00:00,Electronics,107.21,UPI,1
889,50,2025-06-07 00:00:00,Home,37.52,UPI,1
890,166,2025-06-08 00:00:00,Books,36.45,UPI,1
891,106,2025-06-09 00:00:00,Electronics,43.12,Cash,1
892,216,2025-06-10 00:00:00,Clothing,69.18,Credit Card,1
893,146,2025-06-11 00:00:00,Electronics,167.18,Cash,1
894,72,2025-06-12 00:00:00,Electronics,3.82,Cash,1
895,273,2025-06-13 00:00:00,Electronics,2.75,Wallet,1
896,247,2025-06-14 00:00:00,Home,138.67,Credit Card,1
897,186,2025-06-15 00:00:00,Beauty,37.74,UPI,1
898,70,2025-06-16 00:00:00,Books,47.71,Debit Card,1
899,150,2025-06-17 00:00:00,Home,32.93,UPI,1
900,246,2025-06-18 00:00:00,Home,4.92,Cash,1
901,262,2025-06-19 00:00:00,Beauty,73.07,Credit Card,1
902,26,2025-06-20 00:00:00,Home,68.76,Credit Card,1
903,140,2025-06-21 00:00:00,Electronics,18.68,Credit Card,1
904,99,2025-06-22 00:00:00,Electronics,18.28,Wallet,1
905,278,2025-06-23 00:00:00,Clothing,90.96,UPI,1
906,51,2025-06-24 00:00:00,Home,3.76,Wallet,1
907,151,2025-06-25 00:00:00,Clothing,106.48,Debit Card,1
908,104,2025-06-26 00:00:00,Books,14.83,Cash,1
909,89,2025-06-27 00:00:00,Electronics,44.95,Wallet,1
910,141,2025-06-28 00:00:00,Books,137.44,Wallet,1
911,213,2025-06-29 00:00:00,Beauty,56.68,Cash,1
912,233,2025-06-30 00:00:00,Electronics,26.76,Credit Card,0
913,183,2025-07-01 00:00:00,Books,58.48,Cash,1
914,251,2025-07-02 00:00:00,Beauty,21.08,UPI,1
915,9,2025-07-03 00:00:00,Books,16.24,Cash,1
916,79,2025-07-04 00:00:00,Beauty,285.44,Credit Card,1
917,52,2025-07-05 00:00:00,Beauty,69.47,Cash,0
918,269,2025-07-06 00:00:00,Electronics,51.74,Wallet,1
919,226,2025-07-07 00:00:00,Clothing,21.95,Debit Card,1
920,51,2025-07-08 00:00:00,Beauty,2.52,Wallet,1
921,186,2025-07-09 00:00:00,Beauty,1.58,Debit Card,1
922,34,2025-07-10 00:00:00,Electronics,40.39,Cash,1
923,291,2025-07-11 00:00:00,Clothing,71.78,UPI,1
924,230,2025-07-12 00:00:00,Home,38.54,Cash,1
925,131,2025-07-13 00:00:00,Home,91.88,Credit Card,1
926,120,2025-07-14 00:00:00,Clothing,1.7,Cash,1
927,247,2025-07-15 00:00:00,Books,22.84,Debit Card,1
928,192,2025-07-16 00:00:00,Electronics,13.53,Wallet,1
929,210,2025-07-17 00:00:00,Clothing,29.64,UPI,1
930,103,2025-07-18 00:00:00,Home,3.76,Cash,1
931,133,2025-07-19 00:00:00,Beauty,154.1,Cash,1
932,139,2025-07-20 00:00:00,Home,12.63,Wallet,1
933,121,2025-07-21 00:00:00,Beauty,127.75,UPI,1
934,94,2025-07-22 00:00:00,Electronics,27.75,Cash,1
935,129,2025-07-23 00:00:00,Beauty,211.76,Cash,1
936,91,2025-07-24 00:00:00,Clothing,40.38,Debit Card,1
937,92,2025-07-25 00:00:00,Beauty,133.56,Debit Card,1
938,63,2025-07-26 00:00:00,Books,0.27,Credit Card,1
939,29,2025-07-27 00:00:00,Clothing,68.96,Wallet,1
940,210,2025-07-28 00:00:00,Electronics,116.68,UPI,1
941,12,2025-07-29 00:00:00,Clothing,7.52,Cash,1
942,297,2025-07-30 00:00:00,Books,5.05,Cash,1
943,130,2025-07-31 00:00:00,Electronics,27.63,Credit Card,1
944,293,2025-08-01 00:00:00,Home,135.66,Cash,1
945,173,2025-08-02 00:00:00,Books,39.09,Wallet,1
946,208,2025-08-03 00:00:00,Electronics,37.48,Credit Card,1
947,24,2025-08-04 00:00:00,Beauty,7.61,Wallet,1
948,99,2025-08-05 00:00:00,Clothing,0.04,Credit Card,1
949,139,2025-08-06 00:00:00,Electronics,83.07,Cash,1
950,174,2025-08-07 00:00:00,Clothing,4.58,Credit Card,1
951,29,2025-08-08 00:00:00,Beauty,50.24,Debit Card,1
952,143,2025-08-09 00:00:00,Electronics,123.03,UPI,1
953,42,2025-08-10 00:00:00,Home,11.7,Cash,1
954,299,2025-08-11 00:00:00,Books,54.72,UPI,1
955,208,2025-08-12 00:00:00,Electronics,4.1,Cash,1
956,192,2025-08-13 00:00:00,Beauty,46.29,UPI,1
957,160,2025-08-14 00:00:00,Electronics,8.95,Debit Card,1
958,64,2025-08-15 00:00:00,Clothing,66.58,UPI,1
959,243,2025-08-16 00:00:00,Electronics,17.92,Credit Card,1
960,258,2025-08-17 00:00:00,Home,31.12,UPI,1
961,152,2025-08-18 00:00:00,Electronics,45.74,Cash,1
962,215,2025-08-19 00:00:00,Books,9.39,Wallet,1
963,166,2025-08-20 00:00:00,Electronics,67.67,UPI,1
964,31,2025-08-21 00:00:00,Clothing,18.02,UPI,0
965,232,2025-08-22 00:00:00,Electronics,54.29,UPI,1
966,282,2025-08-23 00:00:00,Home,8.62,Cash,1
967,29,2025-08-24 00:00:00,Beauty,58.26,UPI,1
968,195,2025-08-25 00:00:00,Electronics,6.86,Cash,1
969,256,2025-08-26 00:00:00,Electronics,27.7,Cash,1
970,281,2025-08-27 00:00:00,Books,14.2,Wallet,1
971,294,2025-08-28 00:00:00,Home,68.99,Credit Card,1
972,87,2025-08-29 00:00:00,Beauty,15.19,Cash,1
973,149,2025-08-30 00:00:00,Clothing,106.73,Debit Card,0
974,249,2025-08-31 00:00:00,Electronics,111.2,UPI,1
975,283,2025-09-01 00:00:00,Beauty,10.94,Debit Card,1
976,198,2025-09-02 00:00:00,Clothing,47.58,UPI,1
977,44,2025-09-03 00:00:00,Home,4.59,Wallet,1
978,28,2025-09-04 00:00:00,Home,24.84,Cash,1
979,17,2025-09-05 00:00:00,Beauty,62.47,Credit Card,1
980,127,2025-09-06 00:00:00,Clothing,53.86,Cash,1
981,168,2025-09-07 00:00:00,Home,49,UPI,1
982,244,2025-09-08 00:00:00,Beauty,16.6,Credit Card,1
983,76,2025-09-09 00:00:00,Home,23.74,Cash,1
984,231,2025-09-10 00:00:00,Home,5.43,Credit Card,1
985,204,2025-09-11 00:00:00,Home,63.47,UPI,1
986,248,2025-09-12 00:00:00,Books,35.05,Wallet,1
987,214,2025-09-13 00:00:00,Clothing,61.68,Wallet,1
988,215,2025-09-14 00:00:00,Beauty,14.31,Cash,1
989,158,2025-09-15 00:00:00,Beauty,19.61,Debit Card,1
990,69,2025-09-16 00:00:00,Clothing,20.34,UPI,1
991,85,2025-09-17 00:00:00,Clothing,1.3,Cash,1
992,267,2025-09-18 00:00:00,Clothing,20.86,Cash,1
993,69,2025-09-19 00:00:00,Clothing,81.3,Wallet,1
994,99,2025-09-20 00:00:00,Electronics,113.8,Credit Card,1
995,216,2025-09-21 00:00:00,Beauty,36.51,UPI,1
996,161,2025-09-22 00:00:00,Electronics,30.39,Credit Card,1
997,94,2025-09-23 00:00:00,Home,1.57,UPI,1
998,174,2025-09-24 00:00:00,Home,105.68,Debit Card,1
999,165,2025-09-25 00:00:00,Beauty,0.65,Wallet,1
1000,115,2025-09-26 00:00:00,Home,144.79,Debit Card,1